{
  "name": "PRO v10.0 Ultimate - Adaptador Telegram",
  "meta": {
    "version": "10.0.0",
    "description": "Adaptador Telegram com mobile-first, anti-alucinação e comandos inteligentes",
    "author": "Projeto PRO Ultimate",
    "features": [
      "Mobile-First",
      "Anti-alucinação",
      "Comandos inteligentes",
      "Rate Limiting",
      "Segurança"
    ]
  },
  "nodes": [
    {
      "parameters": {
        "updates": [
          "message"
        ]
      },
      "id": "telegram_trigger",
      "name": "Gatilho do Telegram",
      "type": "n8n-nodes-base.telegramTrigger",
      "typeVersion": 1,
      "position": [
        200,
        300
      ]
    },
    {
      "parameters": {
        "functionCode": "// Parser avançado de mensagens (2025)\nconst msg = $json.message || {};\nconst text = (msg.text || '').trim();\nconst userId = msg.from?.id;\nconst username = msg.from?.username || msg.from?.first_name || 'unknown';\nconst chatId = msg.chat?.id;\nconst messageId = msg.message_id;\n// Allowlist\nconst allow = (process.env.TG_ALLOWLIST || '').split(',').map(v=>parseInt(v.trim())).filter(Boolean);\nif (allow.length && !allow.includes(userId)) {\n  return [{ json: { skip: true, reason: 'user_not_in_allowlist', chat_id: chatId, response_text: '🔒 Acesso restrito. Contate o administrador.' } }];\n}\n// Rate limit key (por usuário/minuto)\nconst rlKey = `${userId || 'anon'}_${new Date().getUTCMinutes()}`;\n// Intents\nlet intent = 'generic';\nlet task = text;\nlet research = false;\nif (text.startsWith('/')) {\n  const command = text.split(' ')[0].toLowerCase();\n  const content = text.substring(command.length).trim();\n  switch (command) {\n    case '/pesquisa': intent='research'; research=true; task = content || 'Especifique o que deseja pesquisar'; break;\n    case '/imagem': intent='image'; task = content ? `Crie um prompt fotográfico cinematográfico em inglês para: ${content}. Inclua: tipo de imagem, câmera/lente, iluminação, abertura, composição, velocidade do obturador. Sem texto na imagem.` : 'Descreva a imagem que deseja gerar'; break;\n    case '/resumo': intent='doc_summary'; task = content || 'Envie o link ou texto para resumir'; break;\n    case '/yt': intent='youtube_summary'; task = content || 'Envie a URL do vídeo do YouTube'; break;\n    case '/lead': intent='lead_generation'; task = content ? `Estratégia de geração de leads para: ${content}` : 'Especifique o nicho/produto'; break;\n    case '/ajuda': case '/help': intent='help'; task = `Comandos PRO v10.0:\\n\\n🔍 /pesquisa [termo]\\n🎨 /imagem [descrição]\\n📄 /resumo [link/texto]\\n🎥 /yt [url]\\n💼 /lead [nicho]\\n❓ /ajuda\\n\\nRecursos ativos: Acesso ilimitado, o1 Pro Mode, Anti-alucinação (RAG+Guardrails), Mobile-first.`; break;\n    case '/status': intent='status'; task = `Status PRO v10.0:\\n\\n✅ Sistema operacional\\n✅ Anti-alucinação ativo\\n✅ Mobile-first\\n✅ Rate limiting\\n✅ Multicanal (Telegram + WhatsApp)`; break;\n    default: intent='generic'; task = content || text.slice(1) || 'Dados insuficientes';\n  }\n} else {\n  const t = text.toLowerCase();\n  if (/pesquisa|busca|procur/.test(t)) { intent='research'; research=true; }\n  else if (/imagem|foto|desenh/.test(t)) { intent='image'; task = `Crie um prompt fotográfico cinematográfico em inglês para: ${text}. Inclua detalhes técnicos.`; }\n  else if (/resum/.test(t)) { intent='doc_summary'; }\n  else if (/youtube|vídeo|video|youtu\\.be|youtube\\.com/.test(t)) { intent='youtube_summary'; }\n}\nif (!task || !task.trim()) task = 'Dados insuficientes';\nreturn [{ json: {\n  task,\n  intent,\n  research,\n  channel: 'telegram',\n  user_id: userId,\n  username,\n  chat_id: chatId,\n  message_id: messageId,\n  rate_limit_key: rlKey,\n  mobile_optimization: { is_mobile: true, channel: 'telegram', max_bullet_words: 14, progressive_enhancement: true, touch_friendly: true },\n  pro_features: { unlimited_access: true, o1_pro_mode: !['help','status'].includes(intent), anti_hallucination: true, mobile_first: true },\n  timestamp: new Date().toISOString(),\n  version: '10.0.0'\n} }];"
      },
      "id": "telegram_parser",
      "name": "Analisador Inteligente (Telegram)",
      "type": "n8n-nodes-base.function",
      "typeVersion": 1,
      "position": [
        420,
        300
      ]
    },
    {
      "parameters": {
        "conditions": {
          "boolean": [
            {
              "value1": "={{$json.skip}}",
              "value2": true
            }
          ]
        }
      },
      "id": "security_check",
      "name": "Verificação de Segurança",
      "type": "n8n-nodes-base.if",
      "typeVersion": 1,
      "position": [
        640,
        300
      ]
    },
    {
      "parameters": {
        "additionalFields": {},
        "chatId": "={{$json.chat_id}}",
        "text": "={{$json.response_text || '🔒 Acesso restrito.'}}"
      },
      "id": "security_reply",
      "name": "Resposta de Segurança",
      "type": "n8n-nodes-base.telegram",
      "typeVersion": 1,
      "position": [
        860,
        200
      ]
    },
    {
      "parameters": {
        "url": "={{$env.N8N_WEBHOOK_URL || ''}}/webhook/pro-consciencia",
        "method": "POST",
        "authentication": "none",
        "sendBody": true,
        "jsonParameters": true,
        "options": {
          "timeout": 30000,
          "retry": {
            "maxAttempts": 3,
            "delay": 1000
          }
        },
        "bodyParametersJson": "={{$json}}"
      },
      "id": "forward_to_pro",
      "name": "Encaminhar para Sistema PRO",
      "type": "n8n-nodes-base.httpRequest",
      "typeVersion": 3,
      "position": [
        860,
        400
      ]
    },
    {
      "parameters": {
        "functionCode": "// Formatador Mobile-First\nconst res = $json || {};\nconst full = res.final_response || res.response || 'Processando com recursos PRO...';\nconst chatId = res.chat_id;\nconst intent = res.intent || 'generic';\nconst q = res.quality_metrics?.quality_score || 0;\nconst ah = res.quality_metrics?.anti_hallucination_score || 0;\nconst features = res.pro_features_used || [];\nconst MAX = 4096, SUM = 800;\nlet text = '';\nif (intent==='help' || intent==='status') {\n  text = full;\n} else if (full.length > SUM) {\n  const bullets = full.match(/[•·\\-] [^\\n]{1,70}/g) || [];\n  if (bullets.length >= 3) {\n    text = `📱 *Resumo Mobile-First:*\\n\\n${bullets.slice(0,5).join('\\n')}`;\n  } else {\n    const sentences = full.split(/[.!?]+/).filter(s=>s.trim().length>20);\n    const summary = (sentences.slice(0,3).join('. ') + '.').slice(0,400);\n    text = `📱 *Resumo:*\\n${summary}${summary.length>=400?'...':''}`;\n  }\n  text += '\\n\\n✉️ Resposta completa enviada por email.';\n} else {\n  text = full;\n}\ntext += `\\n\\n🚀 *PRO v10.0 Ultimate*`;\ntext += `\\n📊 Qualidade: ${Math.round(q*100)}% | Anti-aluc: ${Math.round(ah*100)}%`;\nif (features.length) text += `\\n⚡ ${features.length} recursos PRO ativos`;\nif (intent==='generic' && !/Comandos PRO/i.test(full)) text += '\\n\\n💡 _Digite /ajuda para ver comandos PRO_';\nif (text.length > MAX) text = text.slice(0, MAX-100) + '\\n...\\n\\n✉️ Resposta completa no email.';\nreturn [{ json: { chatId, text, parseMode: 'Markdown', replyMarkup: { inlineKeyboard: [ [ {text:'🔍 Pesquisar',callbackData:'/pesquisa '},{text:'🎨 Imagem',callbackData:'/imagem '} ], [ {text:'📄 Continuar',callbackData:'/resumo '},{text:'🎥 YouTube',callbackData:'/yt '} ], [ {text:'❓ Ajuda',callbackData:'/ajuda'},{text:'📊 Status',callbackData:'/status'} ] ] } } }];"
      },
      "id": "mobile_formatter",
      "name": "Formatador Mobile-First",
      "type": "n8n-nodes-base.function",
      "typeVersion": 1,
      "position": [
        1080,
        400
      ]
    },
    {
      "parameters": {
        "chatId": "={{$json.chatId}}",
        "text": "={{$json.text}}",
        "additionalFields": {
          "parse_mode": "={{$json.parseMode || 'Markdown'}}",
          "replyMarkup": "={{$json.replyMarkup}}"
        }
      },
      "id": "telegram_send",
      "name": "Enviar Mensagem (Telegram)",
      "type": "n8n-nodes-base.telegram",
      "typeVersion": 1,
      "position": [
        1300,
        400
      ]
    },
    {
      "parameters": {
        "functionCode": "// Handler de erro\nconst err = $json.error || 'Erro desconhecido';\nconst chatId = $json.chat_id || $json.chatId;\nif (!chatId) return [{ json: { skip: true, reason: 'no_chat_id' } }];\nconst text = '🚨 *Erro PRO v10.0*\\n\\nHouve um problema temporário.\\n\\n🔧 *Soluções:*\\n• Tente novamente em alguns segundos\\n• Use um comando mais específico\\n• Digite /ajuda\\n\\n📞 Fallback automático ativo.';\nreturn [{ json: { chatId, text, parseMode: 'Markdown' } }];"
      },
      "id": "error_builder",
      "name": "Construir Resposta de Erro",
      "type": "n8n-nodes-base.function",
      "typeVersion": 1,
      "position": [
        1080,
        200
      ]
    },
    {
      "parameters": {
        "chatId": "={{$json.chatId}}",
        "text": "={{$json.text}}",
        "additionalFields": {
          "parse_mode": "={{$json.parseMode || 'Markdown'}}"
        }
      },
      "id": "telegram_error_send",
      "name": "Enviar Erro (Telegram)",
      "type": "n8n-nodes-base.telegram",
      "typeVersion": 1,
      "position": [
        1300,
        200
      ]
    }
  ],
  "connections": {
    "Gatilho do Telegram": {
      "main": [
        [
          {
            "node": "Analisador Inteligente (Telegram)",
            "type": "main",
            "index": 0
          }
        ]
      ]
    },
    "Analisador Inteligente (Telegram)": {
      "main": [
        [
          {
            "node": "Verificação de Segurança",
            "type": "main",
            "index": 0
          }
        ]
      ]
    },
    "Verificação de Segurança": {
      "main": [
        [
          {
            "node": "Encaminhar para Sistema PRO",
            "type": "main",
            "index": 0
          }
        ],
        [
          {
            "node": "Resposta de Segurança",
            "type": "main",
            "index": 0
          }
        ]
      ]
    },
    "Encaminhar para Sistema PRO": {
      "main": [
        [
          {
            "node": "Formatador Mobile-First",
            "type": "main",
            "index": 0
          }
        ]
      ],
      "error": [
        [
          {
            "node": "Construir Resposta de Erro",
            "type": "main",
            "index": 0
          }
        ]
      ]
    },
    "Formatador Mobile-First": {
      "main": [
        [
          {
            "node": "Enviar Mensagem (Telegram)",
            "type": "main",
            "index": 0
          }
        ]
      ]
    },
    "Construir Resposta de Erro": {
      "main": [
        [
          {
            "node": "Enviar Erro (Telegram)",
            "type": "main",
            "index": 0
          }
        ]
      ]
    }
  },
  "settings": {
    "executionOrder": "v1",
    "saveManualExecutions": true
  }
}